,ISIN,RIC,data,model,optimization,process
0,FR0000073272,SAF.PA,OHLCV,CNN,True,True
1,FR0000073272,SAF.PA,OHLCV,LSTM,True,True
2,FR0000073272,SAF.PA,OHLCV,CNN_LSTM,True,True
3,FR0000073272,SAF.PA,FOB,CNN,0,False
4,FR0000073272,SAF.PA,FOB,LSTM,0,False
5,FR0000073272,SAF.PA,FOB,CNN_LSTM,0,False
6,FR0000073272,SAF.PA,OHLCV_FOB,CNN,0,False
7,FR0000073272,SAF.PA,OHLCV_FOB,LSTM,0,False
8,FR0000073272,SAF.PA,OHLCV_FOB,CNN_LSTM,0,False
9,FR0000120271,TTEF.PA,OHLCV,CNN,0,False
10,FR0000120271,TTEF.PA,OHLCV,LSTM,0,False
11,FR0000120271,TTEF.PA,OHLCV,CNN_LSTM,0,False
12,FR0000120271,TTEF.PA,FOB,CNN,True,running
13,FR0000120271,TTEF.PA,FOB,LSTM,0,False
14,FR0000120271,TTEF.PA,FOB,CNN_LSTM,0,False
15,FR0000120271,TTEF.PA,OHLCV_FOB,CNN,0,False
16,FR0000120271,TTEF.PA,OHLCV_FOB,LSTM,0,False
17,FR0000120271,TTEF.PA,OHLCV_FOB,CNN_LSTM,0,False
18,FR0000120321,OREP.PA,OHLCV,CNN,0,False
19,FR0000120321,OREP.PA,OHLCV,LSTM,0,False
20,FR0000120321,OREP.PA,OHLCV,CNN_LSTM,0,False
21,FR0000120321,OREP.PA,FOB,CNN,0,False
22,FR0000120321,OREP.PA,FOB,LSTM,0,False
23,FR0000120321,OREP.PA,FOB,CNN_LSTM,0,False
24,FR0000120321,OREP.PA,OHLCV_FOB,CNN,0,False
25,FR0000120321,OREP.PA,OHLCV_FOB,LSTM,0,False
26,FR0000120321,OREP.PA,OHLCV_FOB,CNN_LSTM,0,False
27,FR0000120578,SASY.PA,OHLCV,CNN,0,False
28,FR0000120578,SASY.PA,OHLCV,LSTM,0,False
29,FR0000120578,SASY.PA,OHLCV,CNN_LSTM,0,False
30,FR0000120578,SASY.PA,FOB,CNN,0,False
31,FR0000120578,SASY.PA,FOB,LSTM,0,False
32,FR0000120578,SASY.PA,FOB,CNN_LSTM,0,False
33,FR0000120578,SASY.PA,OHLCV_FOB,CNN,0,False
34,FR0000120578,SASY.PA,OHLCV_FOB,LSTM,0,False
35,FR0000120578,SASY.PA,OHLCV_FOB,CNN_LSTM,0,False
36,FR0000120693,PERP.PA,OHLCV,CNN,0,False
37,FR0000120693,PERP.PA,OHLCV,LSTM,0,False
38,FR0000120693,PERP.PA,OHLCV,CNN_LSTM,0,False
39,FR0000120693,PERP.PA,FOB,CNN,0,False
40,FR0000120693,PERP.PA,FOB,LSTM,0,False
41,FR0000120693,PERP.PA,FOB,CNN_LSTM,0,False
42,FR0000120693,PERP.PA,OHLCV_FOB,CNN,0,False
43,FR0000120693,PERP.PA,OHLCV_FOB,LSTM,0,False
44,FR0000120693,PERP.PA,OHLCV_FOB,CNN_LSTM,0,False
45,FR0000121329,TCFP.PA,OHLCV,CNN,0,False
46,FR0000121329,TCFP.PA,OHLCV,LSTM,0,False
47,FR0000121329,TCFP.PA,OHLCV,CNN_LSTM,0,False
48,FR0000121329,TCFP.PA,FOB,CNN,0,False
49,FR0000121329,TCFP.PA,FOB,LSTM,0,False
50,FR0000121329,TCFP.PA,FOB,CNN_LSTM,0,False
51,FR0000121329,TCFP.PA,OHLCV_FOB,CNN,0,False
52,FR0000121329,TCFP.PA,OHLCV_FOB,LSTM,0,False
53,FR0000121329,TCFP.PA,OHLCV_FOB,CNN_LSTM,0,False
54,FR0000121485,PRTP.PA,OHLCV,CNN,0,False
55,FR0000121485,PRTP.PA,OHLCV,LSTM,0,False
56,FR0000121485,PRTP.PA,OHLCV,CNN_LSTM,0,False
57,FR0000121485,PRTP.PA,FOB,CNN,0,False
58,FR0000121485,PRTP.PA,FOB,LSTM,0,False
59,FR0000121485,PRTP.PA,FOB,CNN_LSTM,0,False
60,FR0000121485,PRTP.PA,OHLCV_FOB,CNN,0,False
61,FR0000121485,PRTP.PA,OHLCV_FOB,LSTM,0,False
62,FR0000121485,PRTP.PA,OHLCV_FOB,CNN_LSTM,0,False
63,FR0000121972,SCHN.PA,OHLCV,CNN,0,False
64,FR0000121972,SCHN.PA,OHLCV,LSTM,0,False
65,FR0000121972,SCHN.PA,OHLCV,CNN_LSTM,0,False
66,FR0000121972,SCHN.PA,FOB,CNN,0,False
67,FR0000121972,SCHN.PA,FOB,LSTM,0,False
68,FR0000121972,SCHN.PA,FOB,CNN_LSTM,0,False
69,FR0000121972,SCHN.PA,OHLCV_FOB,CNN,0,False
70,FR0000121972,SCHN.PA,OHLCV_FOB,LSTM,0,False
71,FR0000121972,SCHN.PA,OHLCV_FOB,CNN_LSTM,0,False
72,FR0000124141,VIE.PA,OHLCV,CNN,0,False
73,FR0000124141,VIE.PA,OHLCV,LSTM,0,False
74,FR0000124141,VIE.PA,OHLCV,CNN_LSTM,0,False
75,FR0000124141,VIE.PA,FOB,CNN,0,False
76,FR0000124141,VIE.PA,FOB,LSTM,0,False
77,FR0000124141,VIE.PA,FOB,CNN_LSTM,0,False
78,FR0000124141,VIE.PA,OHLCV_FOB,CNN,0,False
79,FR0000124141,VIE.PA,OHLCV_FOB,LSTM,0,False
80,FR0000124141,VIE.PA,OHLCV_FOB,CNN_LSTM,0,False
81,FR0000125007,SGOB.PA,OHLCV,CNN,0,False
82,FR0000125007,SGOB.PA,OHLCV,LSTM,0,False
83,FR0000125007,SGOB.PA,OHLCV,CNN_LSTM,0,False
84,FR0000125007,SGOB.PA,FOB,CNN,0,False
85,FR0000125007,SGOB.PA,FOB,LSTM,0,False
86,FR0000125007,SGOB.PA,FOB,CNN_LSTM,0,False
87,FR0000125007,SGOB.PA,OHLCV_FOB,CNN,0,False
88,FR0000125007,SGOB.PA,OHLCV_FOB,LSTM,0,False
89,FR0000125007,SGOB.PA,OHLCV_FOB,CNN_LSTM,0,False
90,FR0000125486,SGEF.PA,OHLCV,CNN,0,False
91,FR0000125486,SGEF.PA,OHLCV,LSTM,0,False
92,FR0000125486,SGEF.PA,OHLCV,CNN_LSTM,0,False
93,FR0000125486,SGEF.PA,FOB,CNN,0,False
94,FR0000125486,SGEF.PA,FOB,LSTM,0,False
95,FR0000125486,SGEF.PA,FOB,CNN_LSTM,0,False
96,FR0000125486,SGEF.PA,OHLCV_FOB,CNN,0,False
97,FR0000125486,SGEF.PA,OHLCV_FOB,LSTM,0,False
98,FR0000125486,SGEF.PA,OHLCV_FOB,CNN_LSTM,0,False
99,FR0000130577,PUBP.PA,OHLCV,CNN,0,False
100,FR0000130577,PUBP.PA,OHLCV,LSTM,0,False
101,FR0000130577,PUBP.PA,OHLCV,CNN_LSTM,0,False
102,FR0000130577,PUBP.PA,FOB,CNN,0,False
103,FR0000130577,PUBP.PA,FOB,LSTM,0,False
104,FR0000130577,PUBP.PA,FOB,CNN_LSTM,0,False
105,FR0000130577,PUBP.PA,OHLCV_FOB,CNN,0,False
106,FR0000130577,PUBP.PA,OHLCV_FOB,LSTM,0,False
107,FR0000130577,PUBP.PA,OHLCV_FOB,CNN_LSTM,0,False
108,FR0000130809,SOGN.PA,OHLCV,CNN,0,False
109,FR0000130809,SOGN.PA,OHLCV,LSTM,0,False
110,FR0000130809,SOGN.PA,OHLCV,CNN_LSTM,0,False
111,FR0000130809,SOGN.PA,FOB,CNN,0,False
112,FR0000130809,SOGN.PA,FOB,LSTM,0,False
113,FR0000130809,SOGN.PA,FOB,CNN_LSTM,0,False
114,FR0000130809,SOGN.PA,OHLCV_FOB,CNN,0,False
115,FR0000130809,SOGN.PA,OHLCV_FOB,LSTM,0,False
116,FR0000130809,SOGN.PA,OHLCV_FOB,CNN_LSTM,0,False
117,FR0000131906,RENA.PA,OHLCV,CNN,0,False
118,FR0000131906,RENA.PA,OHLCV,LSTM,0,False
119,FR0000131906,RENA.PA,OHLCV,CNN_LSTM,0,False
120,FR0000131906,RENA.PA,FOB,CNN,0,False
121,FR0000131906,RENA.PA,FOB,LSTM,0,False
122,FR0000131906,RENA.PA,FOB,CNN_LSTM,0,False
123,FR0000131906,RENA.PA,OHLCV_FOB,CNN,0,False
124,FR0000131906,RENA.PA,OHLCV_FOB,LSTM,0,False
125,FR0000131906,RENA.PA,OHLCV_FOB,CNN_LSTM,0,False
126,FR0010908533,EDEN.PA,OHLCV,CNN,0,False
127,FR0010908533,EDEN.PA,OHLCV,LSTM,0,False
128,FR0010908533,EDEN.PA,OHLCV,CNN_LSTM,0,False
129,FR0010908533,EDEN.PA,FOB,CNN,0,False
130,FR0010908533,EDEN.PA,FOB,LSTM,0,False
131,FR0010908533,EDEN.PA,FOB,CNN_LSTM,0,False
132,FR0010908533,EDEN.PA,OHLCV_FOB,CNN,0,False
133,FR0010908533,EDEN.PA,OHLCV_FOB,LSTM,0,False
134,FR0010908533,EDEN.PA,OHLCV_FOB,CNN_LSTM,0,False
135,FR0011981968,WLN.PA,OHLCV,CNN,0,False
136,FR0011981968,WLN.PA,OHLCV,LSTM,0,False
137,FR0011981968,WLN.PA,OHLCV,CNN_LSTM,0,False
138,FR0011981968,WLN.PA,FOB,CNN,0,False
139,FR0011981968,WLN.PA,FOB,LSTM,0,False
140,FR0011981968,WLN.PA,FOB,CNN_LSTM,0,False
141,FR0011981968,WLN.PA,OHLCV_FOB,CNN,0,False
142,FR0011981968,WLN.PA,OHLCV_FOB,LSTM,0,False
143,FR0011981968,WLN.PA,OHLCV_FOB,CNN_LSTM,0,False
144,FR0014003TT8,DAST.PA,OHLCV,CNN,0,False
145,FR0014003TT8,DAST.PA,OHLCV,LSTM,0,False
146,FR0014003TT8,DAST.PA,OHLCV,CNN_LSTM,0,False
147,FR0014003TT8,DAST.PA,FOB,CNN,0,False
148,FR0014003TT8,DAST.PA,FOB,LSTM,0,False
149,FR0014003TT8,DAST.PA,FOB,CNN_LSTM,0,False
150,FR0014003TT8,DAST.PA,OHLCV_FOB,CNN,0,False
151,FR0014003TT8,DAST.PA,OHLCV_FOB,LSTM,0,False
152,FR0014003TT8,DAST.PA,OHLCV_FOB,CNN_LSTM,0,False
153,NL0000226223,STMPA.PA,OHLCV,CNN,0,False
154,NL0000226223,STMPA.PA,OHLCV,LSTM,0,False
155,NL0000226223,STMPA.PA,OHLCV,CNN_LSTM,0,False
156,NL0000226223,STMPA.PA,FOB,CNN,0,False
157,NL0000226223,STMPA.PA,FOB,LSTM,0,False
158,NL0000226223,STMPA.PA,FOB,CNN_LSTM,0,False
159,NL0000226223,STMPA.PA,OHLCV_FOB,CNN,0,False
160,NL0000226223,STMPA.PA,OHLCV_FOB,LSTM,0,False
161,NL0000226223,STMPA.PA,OHLCV_FOB,CNN_LSTM,0,False
162,NL00150001Q9,STLAM.PA,OHLCV,CNN,0,False
163,NL00150001Q9,STLAM.PA,OHLCV,LSTM,0,False
164,NL00150001Q9,STLAM.PA,OHLCV,CNN_LSTM,0,False
165,NL00150001Q9,STLAM.PA,FOB,CNN,0,False
166,NL00150001Q9,STLAM.PA,FOB,LSTM,0,False
167,NL00150001Q9,STLAM.PA,FOB,CNN_LSTM,0,False
168,NL00150001Q9,STLAM.PA,OHLCV_FOB,CNN,0,False
169,NL00150001Q9,STLAM.PA,OHLCV_FOB,LSTM,0,False
170,NL00150001Q9,STLAM.PA,OHLCV_FOB,CNN_LSTM,0,False
171,FR0000045072,CAGR.PA,OHLCV,CNN,0,False
172,FR0000045072,CAGR.PA,OHLCV,LSTM,0,False
173,FR0000045072,CAGR.PA,OHLCV,CNN_LSTM,0,False
174,FR0000045072,CAGR.PA,FOB,CNN,0,False
175,FR0000045072,CAGR.PA,FOB,LSTM,0,False
176,FR0000045072,CAGR.PA,FOB,CNN_LSTM,0,False
177,FR0000045072,CAGR.PA,OHLCV_FOB,CNN,0,False
178,FR0000045072,CAGR.PA,OHLCV_FOB,LSTM,0,False
179,FR0000045072,CAGR.PA,OHLCV_FOB,CNN_LSTM,0,False
180,FR0000051807,TEPRF.PA,OHLCV,CNN,0,False
181,FR0000051807,TEPRF.PA,OHLCV,LSTM,0,False
182,FR0000051807,TEPRF.PA,OHLCV,CNN_LSTM,0,False
183,FR0000051807,TEPRF.PA,FOB,CNN,0,False
184,FR0000051807,TEPRF.PA,FOB,LSTM,0,False
185,FR0000051807,TEPRF.PA,FOB,CNN_LSTM,0,False
186,FR0000051807,TEPRF.PA,OHLCV_FOB,CNN,0,False
187,FR0000051807,TEPRF.PA,OHLCV_FOB,LSTM,0,False
188,FR0000051807,TEPRF.PA,OHLCV_FOB,CNN_LSTM,0,False
189,FR0000052292,HRMS.PA,OHLCV,CNN,0,False
190,FR0000052292,HRMS.PA,OHLCV,LSTM,0,False
191,FR0000052292,HRMS.PA,OHLCV,CNN_LSTM,0,False
192,FR0000052292,HRMS.PA,FOB,CNN,0,False
193,FR0000052292,HRMS.PA,FOB,LSTM,0,False
194,FR0000052292,HRMS.PA,FOB,CNN_LSTM,0,False
195,FR0000052292,HRMS.PA,OHLCV_FOB,CNN,0,False
196,FR0000052292,HRMS.PA,OHLCV_FOB,LSTM,0,False
197,FR0000052292,HRMS.PA,OHLCV_FOB,CNN_LSTM,0,False
198,FR0000120073,AIRP.PA,OHLCV,CNN,0,False
199,FR0000120073,AIRP.PA,OHLCV,LSTM,0,False
200,FR0000120073,AIRP.PA,OHLCV,CNN_LSTM,0,False
201,FR0000120073,AIRP.PA,FOB,CNN,0,False
202,FR0000120073,AIRP.PA,FOB,LSTM,0,False
203,FR0000120073,AIRP.PA,FOB,CNN_LSTM,0,False
204,FR0000120073,AIRP.PA,OHLCV_FOB,CNN,0,False
205,FR0000120073,AIRP.PA,OHLCV_FOB,LSTM,0,False
206,FR0000120073,AIRP.PA,OHLCV_FOB,CNN_LSTM,0,False
207,FR0000120172,CARR.PA,OHLCV,CNN,0,False
208,FR0000120172,CARR.PA,OHLCV,LSTM,0,False
209,FR0000120172,CARR.PA,OHLCV,CNN_LSTM,0,False
210,FR0000120172,CARR.PA,FOB,CNN,0,False
211,FR0000120172,CARR.PA,FOB,LSTM,0,False
212,FR0000120172,CARR.PA,FOB,CNN_LSTM,0,False
213,FR0000120172,CARR.PA,OHLCV_FOB,CNN,0,False
214,FR0000120172,CARR.PA,OHLCV_FOB,LSTM,0,False
215,FR0000120172,CARR.PA,OHLCV_FOB,CNN_LSTM,0,False
216,FR0000120503,BOUY.PA,OHLCV,CNN,0,False
217,FR0000120503,BOUY.PA,OHLCV,LSTM,0,False
218,FR0000120503,BOUY.PA,OHLCV,CNN_LSTM,0,False
219,FR0000120503,BOUY.PA,FOB,CNN,0,False
220,FR0000120503,BOUY.PA,FOB,LSTM,0,False
221,FR0000120503,BOUY.PA,FOB,CNN_LSTM,0,False
222,FR0000120503,BOUY.PA,OHLCV_FOB,CNN,0,False
223,FR0000120503,BOUY.PA,OHLCV_FOB,LSTM,0,False
224,FR0000120503,BOUY.PA,OHLCV_FOB,CNN_LSTM,0,False
225,FR0000120628,AXAF.PA,OHLCV,CNN,0,False
226,FR0000120628,AXAF.PA,OHLCV,LSTM,0,False
227,FR0000120628,AXAF.PA,OHLCV,CNN_LSTM,0,False
228,FR0000120628,AXAF.PA,FOB,CNN,0,False
229,FR0000120628,AXAF.PA,FOB,LSTM,0,False
230,FR0000120628,AXAF.PA,FOB,CNN_LSTM,0,False
231,FR0000120628,AXAF.PA,OHLCV_FOB,CNN,0,False
232,FR0000120628,AXAF.PA,OHLCV_FOB,LSTM,0,False
233,FR0000120628,AXAF.PA,OHLCV_FOB,CNN_LSTM,0,False
234,FR0000120644,DANO.PA,OHLCV,CNN,0,False
235,FR0000120644,DANO.PA,OHLCV,LSTM,0,False
236,FR0000120644,DANO.PA,OHLCV,CNN_LSTM,0,False
237,FR0000120644,DANO.PA,FOB,CNN,0,False
238,FR0000120644,DANO.PA,FOB,LSTM,0,False
239,FR0000120644,DANO.PA,FOB,CNN_LSTM,0,False
240,FR0000120644,DANO.PA,OHLCV_FOB,CNN,0,False
241,FR0000120644,DANO.PA,OHLCV_FOB,LSTM,0,False
242,FR0000120644,DANO.PA,OHLCV_FOB,CNN_LSTM,0,False
243,FR0000121014,LVMH.PA,OHLCV,CNN,0,False
244,FR0000121014,LVMH.PA,OHLCV,LSTM,0,False
245,FR0000121014,LVMH.PA,OHLCV,CNN_LSTM,0,False
246,FR0000121014,LVMH.PA,FOB,CNN,0,False
247,FR0000121014,LVMH.PA,FOB,LSTM,0,False
248,FR0000121014,LVMH.PA,FOB,CNN_LSTM,0,False
249,FR0000121014,LVMH.PA,OHLCV_FOB,CNN,0,False
250,FR0000121014,LVMH.PA,OHLCV_FOB,LSTM,0,False
251,FR0000121014,LVMH.PA,OHLCV_FOB,CNN_LSTM,0,False
252,FR0000121667,ESLX.PA,OHLCV,CNN,0,False
253,FR0000121667,ESLX.PA,OHLCV,LSTM,0,False
254,FR0000121667,ESLX.PA,OHLCV,CNN_LSTM,0,False
255,FR0000121667,ESLX.PA,FOB,CNN,0,False
256,FR0000121667,ESLX.PA,FOB,LSTM,0,False
257,FR0000121667,ESLX.PA,FOB,CNN_LSTM,0,False
258,FR0000121667,ESLX.PA,OHLCV_FOB,CNN,0,False
259,FR0000121667,ESLX.PA,OHLCV_FOB,LSTM,0,False
260,FR0000121667,ESLX.PA,OHLCV_FOB,CNN_LSTM,0,False
261,FR0000125338,CAPP.PA,OHLCV,CNN,0,False
262,FR0000125338,CAPP.PA,OHLCV,LSTM,0,False
263,FR0000125338,CAPP.PA,OHLCV,CNN_LSTM,0,False
264,FR0000125338,CAPP.PA,FOB,CNN,0,False
265,FR0000125338,CAPP.PA,FOB,LSTM,0,False
266,FR0000125338,CAPP.PA,FOB,CNN_LSTM,0,False
267,FR0000125338,CAPP.PA,OHLCV_FOB,CNN,0,False
268,FR0000125338,CAPP.PA,OHLCV_FOB,LSTM,0,False
269,FR0000125338,CAPP.PA,OHLCV_FOB,CNN_LSTM,0,False
270,FR0000131104,BNPP.PA,OHLCV,CNN,0,False
271,FR0000131104,BNPP.PA,OHLCV,LSTM,0,False
272,FR0000131104,BNPP.PA,OHLCV,CNN_LSTM,0,False
273,FR0000131104,BNPP.PA,FOB,CNN,0,False
274,FR0000131104,BNPP.PA,FOB,LSTM,0,False
275,FR0000131104,BNPP.PA,FOB,CNN_LSTM,0,False
276,FR0000131104,BNPP.PA,OHLCV_FOB,CNN,0,False
277,FR0000131104,BNPP.PA,OHLCV_FOB,LSTM,0,False
278,FR0000131104,BNPP.PA,OHLCV_FOB,CNN_LSTM,0,False
279,FR0000133308,ORAN.PA,OHLCV,CNN,0,False
280,FR0000133308,ORAN.PA,OHLCV,LSTM,0,False
281,FR0000133308,ORAN.PA,OHLCV,CNN_LSTM,0,False
282,FR0000133308,ORAN.PA,FOB,CNN,0,False
283,FR0000133308,ORAN.PA,FOB,LSTM,0,False
284,FR0000133308,ORAN.PA,FOB,CNN_LSTM,0,False
285,FR0000133308,ORAN.PA,OHLCV_FOB,CNN,0,False
286,FR0000133308,ORAN.PA,OHLCV_FOB,LSTM,0,False
287,FR0000133308,ORAN.PA,OHLCV_FOB,CNN_LSTM,0,False
288,FR0010208488,ENGIE.PA,OHLCV,CNN,0,False
289,FR0010208488,ENGIE.PA,OHLCV,LSTM,0,False
290,FR0010208488,ENGIE.PA,OHLCV,CNN_LSTM,0,False
291,FR0010208488,ENGIE.PA,FOB,CNN,0,False
292,FR0010208488,ENGIE.PA,FOB,LSTM,0,False
293,FR0010208488,ENGIE.PA,FOB,CNN_LSTM,0,False
294,FR0010208488,ENGIE.PA,OHLCV_FOB,CNN,0,False
295,FR0010208488,ENGIE.PA,OHLCV_FOB,LSTM,0,False
296,FR0010208488,ENGIE.PA,OHLCV_FOB,CNN_LSTM,0,False
297,FR0010220475,ALSO.PA,OHLCV,CNN,0,False
298,FR0010220475,ALSO.PA,OHLCV,LSTM,0,False
299,FR0010220475,ALSO.PA,OHLCV,CNN_LSTM,0,False
300,FR0010220475,ALSO.PA,FOB,CNN,0,False
301,FR0010220475,ALSO.PA,FOB,LSTM,0,False
302,FR0010220475,ALSO.PA,FOB,CNN_LSTM,0,False
303,FR0010220475,ALSO.PA,OHLCV_FOB,CNN,0,False
304,FR0010220475,ALSO.PA,OHLCV_FOB,LSTM,0,False
305,FR0010220475,ALSO.PA,OHLCV_FOB,CNN_LSTM,0,False
306,FR0010307819,LEGD.PA,OHLCV,CNN,0,False
307,FR0010307819,LEGD.PA,OHLCV,LSTM,0,False
308,FR0010307819,LEGD.PA,OHLCV,CNN_LSTM,0,False
309,FR0010307819,LEGD.PA,FOB,CNN,0,False
310,FR0010307819,LEGD.PA,FOB,LSTM,0,False
311,FR0010307819,LEGD.PA,FOB,CNN_LSTM,0,False
312,FR0010307819,LEGD.PA,OHLCV_FOB,CNN,0,False
313,FR0010307819,LEGD.PA,OHLCV_FOB,LSTM,0,False
314,FR0010307819,LEGD.PA,OHLCV_FOB,CNN_LSTM,0,False
315,FR0013326246,URW.PA,OHLCV,CNN,0,False
316,FR0013326246,URW.PA,OHLCV,LSTM,0,False
317,FR0013326246,URW.PA,OHLCV,CNN_LSTM,0,False
318,FR0013326246,URW.PA,FOB,CNN,0,False
319,FR0013326246,URW.PA,FOB,LSTM,0,False
320,FR0013326246,URW.PA,FOB,CNN_LSTM,0,False
321,FR0013326246,URW.PA,OHLCV_FOB,CNN,0,False
322,FR0013326246,URW.PA,OHLCV_FOB,LSTM,0,False
323,FR0013326246,URW.PA,OHLCV_FOB,CNN_LSTM,0,False
324,FR0014000MR3,EUFI.PA,OHLCV,CNN,0,False
325,FR0014000MR3,EUFI.PA,OHLCV,LSTM,0,False
326,FR0014000MR3,EUFI.PA,OHLCV,CNN_LSTM,0,False
327,FR0014000MR3,EUFI.PA,FOB,CNN,0,False
328,FR0014000MR3,EUFI.PA,FOB,LSTM,0,False
329,FR0014000MR3,EUFI.PA,FOB,CNN_LSTM,0,False
330,FR0014000MR3,EUFI.PA,OHLCV_FOB,CNN,0,False
331,FR0014000MR3,EUFI.PA,OHLCV_FOB,LSTM,0,False
332,FR0014000MR3,EUFI.PA,OHLCV_FOB,CNN_LSTM,0,False
333,FR001400AJ45,MICP.PA,OHLCV,CNN,0,False
334,FR001400AJ45,MICP.PA,OHLCV,LSTM,0,False
335,FR001400AJ45,MICP.PA,OHLCV,CNN_LSTM,0,False
336,FR001400AJ45,MICP.PA,FOB,CNN,0,False
337,FR001400AJ45,MICP.PA,FOB,LSTM,0,False
338,FR001400AJ45,MICP.PA,FOB,CNN_LSTM,0,False
339,FR001400AJ45,MICP.PA,OHLCV_FOB,CNN,0,False
340,FR001400AJ45,MICP.PA,OHLCV_FOB,LSTM,0,False
341,FR001400AJ45,MICP.PA,OHLCV_FOB,CNN_LSTM,0,False
342,NL0000235190,AIR.PA,OHLCV,CNN,0,False
343,NL0000235190,AIR.PA,OHLCV,LSTM,0,False
344,NL0000235190,AIR.PA,OHLCV,CNN_LSTM,0,False
345,NL0000235190,AIR.PA,FOB,CNN,0,False
346,NL0000235190,AIR.PA,FOB,LSTM,0,False
347,NL0000235190,AIR.PA,FOB,CNN_LSTM,0,False
348,NL0000235190,AIR.PA,OHLCV_FOB,CNN,0,False
349,NL0000235190,AIR.PA,OHLCV_FOB,LSTM,0,False
350,NL0000235190,AIR.PA,OHLCV_FOB,CNN_LSTM,0,False
